city,pop_2010,val,lower,upper,year,state
Anchorage,291826,4293.9,4161.1,4412.9,2014,Alaska
Anchorage,291826,4339.7,4208.5,4461.3,2016,Alaska
Birmingham,212044,7149.9,6877.1,7393.5,2014,Alabama
Birmingham,212044,7653.5,7445.5,7838.0,2016,Alabama
Hoover,81592,2396.6,2328.7,2453.4,2016,Alabama
Hoover,81592,2402.0,2332.8,2459.2,2014,Alabama
Huntsville,180005,4791.0,4643.3,4922.8,2014,Alabama
Huntsville,180005,4806.8,4660.6,4937.8,2016,Alabama
Mobile,195045,6009.5,5796.0,6205.3,2014,Alabama
Mobile,195045,6400.2,6233.7,6551.3,2016,Alabama
Montgomery,205733,4866.0,4704.1,5015.0,2014,Alabama
Montgomery,205733,5119.8,4988.3,5241.2,2016,Alabama
Tuscaloosa,90437,2647.5,2519.3,2762.5,2014,Alabama
Tuscaloosa,90437,2888.5,2791.3,2974.7,2016,Alabama
Fayetteville,73579,1227.8,1171.1,1278.4,2014,Arkansas
Fort Smith,86209,1533.3,1471.8,1592.7,2014,Arkansas
Jonesboro,67257,1067.8,1023.5,1109.2,2014,Arkansas
Little Rock,193515,4150.5,4027.5,4261.3,2014,Arkansas
Springdale,69797,1201.2,1154.8,1245.9,2014,Arkansas
Avondale,76215,1673.3,1626.5,1717.9,2014,Arizona
Chandler,236069,4906.3,4765.9,5029.7,2014,Arizona
Gilbert,208449,3807.0,3705.2,3894.0,2014,Arizona
Glendale,226617,4503.4,4361.9,4637.6,2014,Arizona
Mesa,439005,9558.6,9222.9,9868.9,2014,Arizona
Peoria,153981,3508.8,3396.8,3610.8,2014,Arizona
Phoenix,1444922,27451.0,26512.7,28338.0,2014,Arizona
Scottsdale,217340,5123.4,4956.9,5258.6,2014,Arizona
Surprise,117509,2290.0,2202.5,2364.6,2014,Arizona
Tempe,161719,3031.3,2907.6,3139.9,2014,Arizona
Tucson,520051,10511.9,10105.7,10890.4,2014,Arizona
Yuma,93026,2224.7,2139.7,2306.2,2014,Arizona
Alameda,73812,1292.0,1254.3999999999999,1325.9,2014,California
Alameda,73812,1311.7,1275.8,1343.6,2016,California
Alhambra,83089,1462.9,1397.1,1525.7,2014,California
Alhambra,83089,1576.3,1522.3999999999999,1627.5,2016,California
Anaheim,336229,5822.7,5634.7,6003.3,2014,California
Anaheim,336229,6130.4,5975.6,6276.0,2016,California
Antioch,102372,1616.9,1579.0,1652.7,2014,California
Antioch,102372,1660.8,1627.5,1692.8,2016,California
Apple Valley,69103,962.9,934.2,988.6999999999999,2014,California
Apple Valley,69103,993.3,968.9,1016.3,2016,California
Bakersfield,347397,6234.3,6037.7,6419.7,2014,California
Bakersfield,347397,6547.3,6380.1,6702.2,2016,California
Baldwin Park,75390,1397.9,1348.7,1447.2,2014,California
Baldwin Park,75390,1500.8,1463.8,1536.8,2016,California
Bellflower,76616,1428.6,1394.0,1460.7,2014,California
Bellflower,76616,1520.9,1495.2,1546.1,2016,California
Berkeley,112580,2698.8,2621.9,2765.3,2014,California
Berkeley,112580,2753.2,2677.8,2818.4,2016,California
Buena Park,80530,1384.2,1340.6000000000001,1425.5,2014,California
Buena Park,80530,1441.3,1404.5,1476.1,2016,California
Burbank,103340,1916.1,1870.3,1957.5,2014,California
Burbank,103340,1968.0,1929.4,2002.8,2016,California
Carlsbad,105326,1704.7,1654.1,1745.9,2014,California
Carlsbad,105326,1750.1,1707.3,1784.9,2016,California
Carson,91672,1510.8,1465.7,1553.2,2014,California
Carson,91672,1577.3,1541.0,1612.6,2016,California
Chico,86186,1795.8999999999999,1718.1,1866.4,2014,California
Chico,86186,1938.0,1870.1,1995.1,2016,California
Chino,77983,1488.8,1452.2,1524.0,2016,California
Chino,77983,1494.1,1456.4,1529.3,2014,California
Chino Hills,74799,983.1,958.3,1006.1,2016,California
Chino Hills,74799,1002.9,978.2,1025.0,2014,California
Chula Vista,243916,3823.4,3718.2,3922.7,2014,California
Chula Vista,243916,4019.3,3937.3,4096.7,2016,California
Citrus Heights,83301,1892.9,1839.1,1941.9,2014,California
Citrus Heights,83301,1901.5,1850.3,1948.3,2016,California
Clovis,95629,1867.2,1817.7,1912.3,2016,California
Clovis,95629,1889.9,1841.7,1933.3,2014,California
Compton,96455,2276.1,2198.0,2353.4,2014,California
Compton,96455,2496.4,2444.1,2547.1,2016,California
Concord,122052,2388.4,2324.9,2447.4,2014,California
Concord,122052,2416.4,2354.4,2472.1,2016,California
Corona,152374,2874.3,2801.4,2942.6,2014,California
Corona,152374,2955.9,2894.0,3015.2,2016,California
Costa Mesa,109958,2036.4,1975.0,2092.7,2014,California
Costa Mesa,109958,2099.0,2044.2,2148.2,2016,California
Daly City,101123,1509.6,1445.6,1569.5,2014,California
Daly City,101123,1530.9,1470.1,1588.5,2016,California
Downey,111741,1732.1,1686.4,1775.5,2014,California
Downey,111741,1797.3,1759.7,1832.3,2016,California
El Cajon,99478,2193.4,2125.1,2257.2,2014,California
El Cajon,99478,2384.6,2334.8,2431.6,2016,California
El Monte,113434,2164.5,2073.9,2255.9,2014,California
El Monte,113434,2426.2,2360.9,2491.9,2016,California
Elk Grove,153015,2283.1,2225.2,2337.0,2016,California
Elk Grove,153015,2311.6,2253.7,2363.7,2014,California
Escondido,143894,2599.7,2514.7,2679.5,2014,California
Escondido,143894,2811.5,2749.3,2869.4,2016,California
Fairfield,105305,2048.0,1995.5,2098.2,2014,California
Fairfield,105305,2146.5,2099.8,2191.3,2016,California
Folsom,72163,1344.6,1306.7,1377.7,2016,California
Folsom,72163,1387.4,1353.7,1416.2,2014,California
Fontana,196069,2802.8,2718.6,2884.4,2014,California
Fontana,196069,2909.2,2838.4,2977.2,2016,California
Fremont,214089,3445.7,3323.2,3547.8,2016,California
Fremont,214089,3463.7,3336.5,3568.4,2014,California
Fresno,494619,9309.3,8996.9,9608.3,2014,California
Fresno,494619,9873.6,9609.4,10128.8,2016,California
Fullerton,135161,2584.6,2496.1,2665.0,2014,California
Fullerton,135161,2689.2,2613.0,2759.7,2016,California
Garden Grove,170871,3049.0,2930.0,3164.8,2014,California
Garden Grove,170871,3272.0,3170.7,3369.7,2016,California
Glendale,191713,3261.2999999999997,3157.6,3356.5,2014,California
Glendale,191713,3451.8,3371.6,3524.4,2016,California
Hawthorne,84223,1692.7,1645.8,1737.7,2014,California
Hawthorne,84223,1804.8,1771.2,1836.8,2016,California
Hayward,144170,2854.1,2781.1,2923.8,2014,California
Hayward,144170,2931.0,2865.0,2993.4,2016,California
Hemet,78625,1678.8,1621.3,1732.2,2014,California
Hemet,78625,1836.5,1794.5,1876.6000000000001,2016,California
Hesperia,90162,1263.9,1225.4,1299.1,2014,California
Hesperia,90162,1325.7,1295.4,1355.0,2016,California
Huntington Beach,189992,3803.4,3695.9,3897.7,2014,California
Huntington Beach,189992,3842.7,3742.9,3932.7,2016,California
Indio,75997,1588.7,1523.8,1649.1,2014,California
Indio,75997,1691.4,1641.6,1736.7,2016,California
Inglewood,109672,2515.6,2433.9,2592.2,2014,California
Inglewood,109672,2699.4,2643.5,2752.3,2016,California
Irvine,212322,2785.9,2698.5,2862.1,2014,California
Irvine,212322,2849.9,2767.5,2921.1,2016,California
Lake Forest,77264,1337.4,1303.4,1367.1,2014,California
Lake Forest,77264,1343.4,1311.4,1371.9,2016,California
Lakewood,80048,1561.9,1525.5,1595.5,2014,California
Lakewood,80048,1599.3,1568.2,1628.3,2016,California
Lancaster,156633,2696.6,2625.1,2764.3,2014,California
Lancaster,156633,2899.0,2847.6,2947.7,2016,California
Livermore,80968,1607.2,1565.2,1643.5,2016,California
Livermore,80968,1625.8,1585.9,1660.8,2014,California
Long Beach,462256,8546.0,8296.6,8782.5,2014,California
Long Beach,462256,9198.5,9006.5,9375.9,2016,California
Los Angeles,3792476,77955.4,75410.6,80370.2,2014,California
Los Angeles,3792476,84390.7,82559.1,86117.4,2016,California
Lynwood,69772,919.5,881.3,957.3,2014,California
Lynwood,69772,1023.2,999.3,1047.5,2016,California
Manteca,67096,1388.9,1353.1,1423.1,2014,California
Manteca,67096,1441.1,1411.0,1469.2,2016,California
Menifee,77519,1898.1,1842.9,1947.0,2014,California
Menifee,77519,1938.5,1890.8999999999999,1981.5,2016,California
Merced,78934,1326.4,1277.3,1374.0,2014,California
Merced,78934,1475.7,1439.8,1510.9,2016,California
Milpitas,66722,1135.9,1080.6,1186.5,2014,California
Milpitas,66722,1160.1,1108.2,1206.4,2016,California
Mission Viejo,93305,1940.3,1890.2,1983.7,2016,California
Mission Viejo,93305,1944.9,1893.0,1988.1,2014,California
Modesto,201160,3536.7999999999997,3420.6,3648.2,2014,California
Modesto,201160,3888.6,3803.1,3969.0,2016,California
Moreno Valley,193365,3453.0,3359.2,3544.4,2014,California
Moreno Valley,193365,3705.8,3634.2,3775.4,2016,California
Mountain View,74038,1683.9,1640.0,1719.9,2014,California
Mountain View,74038,1690.3,1648.8,1725.3,2016,California
Murrieta,103428,1334.9,1300.7,1366.0,2014,California
Murrieta,103428,1354.5,1323.0,1382.8,2016,California
Napa,76866,1820.0,1761.2,1873.2,2014,California
Napa,76866,1848.5,1794.2,1897.5,2016,California
Newport Beach,85156,1794.0,1743.0,1834.7,2014,California
Newport Beach,85156,1798.2,1749.8,1837.3999999999999,2016,California
Norwalk,105549,1672.9,1624.0,1721.1,2014,California
Norwalk,105549,1763.4,1724.4,1801.1,2016,California
Oakland,390686,8913.2,8669.2,9137.4,2014,California
Oakland,390686,9360.0,9151.2,9550.2,2016,California
Oceanside,167006,2668.6,2594.2,2737.0,2014,California
Oceanside,167006,2818.2,2761.0,2871.1,2016,California
Ontario,163895,2987.6,2902.6,3069.9,2014,California
Ontario,163895,3077.4,3003.0,3149.1,2016,California
Orange,136416,2768.0,2688.5,2840.0,2014,California
Orange,136416,2826.8,2755.4,2891.4,2016,California
Oxnard,197899,3063.1,2952.6,3171.0,2014,California
Oxnard,197899,3275.7,3189.9,3359.0,2016,California
Palmdale,152653,2666.1,2588.9,2740.0,2014,California
Palmdale,152653,2899.2,2844.5,2951.0,2016,California
Pasadena,137074,2909.8,2841.2,2969.5,2014,California
Pasadena,137074,3018.9,2963.4,3067.7,2016,California
Perris,68340,773.5,748.2,798.3,2014,California
Perris,68340,843.5,825.3,861.4,2016,California
Pleasanton,70285,1178.2,1145.6,1205.1,2016,California
Pleasanton,70285,1195.0,1164.0,1221.0,2014,California
Pomona,149058,2560.1,2468.8,2647.2,2014,California
Pomona,149058,2776.3,2711.8,2839.2,2016,California
Rancho Cucamonga,165269,2434.6,2383.7,2481.7,2016,California
Rancho Cucamonga,165269,2448.9,2398.3,2494.7,2014,California
Redding,89812,2133.1,2047.9,2208.8,2014,California
Redding,89812,2235.2,2161.5,2302.7,2016,California
Redlands,68747,1402.0,1350.1,1445.5,2014,California
Redlands,68747,1418.4,1372.6,1459.3,2016,California
Redondo Beach,66748,1125.4,1101.7,1145.3,2014,California
Redondo Beach,66748,1130.8,1109.4,1148.9,2016,California
Redwood City,76788,1673.0,1631.0,1710.3,2014,California
Redwood City,76788,1687.3999999999999,1645.8,1723.9,2016,California
Rialto,99171,2307.3,2236.1,2375.2,2014,California
Rialto,99171,2411.8,2353.7,2468.2,2016,California
Richmond,103584,2071.2,2013.8,2125.4,2014,California
Richmond,103584,2151.3,2102.9,2197.6,2016,California
Riverside,303814,5530.1,5359.3,5692.3,2014,California
Riverside,303814,5867.7,5731.7,5997.4,2016,California
Roseville,118784,2438.4,2366.6,2499.7,2014,California
Roseville,118784,2451.2,2380.3,2513.3,2016,California
Sacramento,466375,8988.8,8741.9,9217.4,2014,California
Sacramento,466375,9385.3,9170.8,9582.4,2016,California
Salinas,150434,2482.3,2388.4,2575.6,2014,California
Salinas,150434,2655.8,2581.5,2727.0,2016,California
San Bernardino,209916,4085.6,3952.6,4213.9,2014,California
San Bernardino,209916,4458.2,4359.0,4554.2,2016,California
San Buenaventura (Ventura),106414,2004.0,1945.3,2056.1,2014,California
San Buenaventura (Ventura),106414,2062.6,2013.2,2106.2,2016,California
San Diego,1307238,23081.7,22393.0,23697.1,2014,California
San Diego,1307238,24387.7,23825.5,24881.5,2016,California
San Francisco,805235,15303.9,14795.3,15754.0,2014,California
San Francisco,805235,16081.1,15634.9,16473.1,2016,California
San Jose,945778,16833.6,16274.3,17342.9,2014,California
San Jose,945778,17320.0,16816.0,17781.3,2016,California
San Leandro,84941,1507.5,1466.4,1546.2,2014,California
San Leandro,84941,1532.0,1492.7,1568.6,2016,California
San Marcos,83781,1459.3,1415.1,1499.5,2014,California
San Marcos,83781,1542.7,1509.9,1572.8,2016,California
San Mateo,97207,2161.5,2108.0,2208.2,2016,California
San Mateo,97207,2172.9,2120.5,2218.5,2014,California
San Ramon,72100,1258.4,1222.4,1288.1,2016,California
San Ramon,72100,1280.3,1247.1,1306.7,2014,California
Santa Ana,324528,4599.6,4422.9,4776.0,2014,California
Santa Ana,324528,4963.6,4825.9,5100.2,2016,California
Santa Barbara,88410,1999.8,1939.2,2051.9,2014,California
Santa Barbara,88410,2027.9,1971.1,2077.6,2016,California
Santa Clara,116465,1943.3,1880.0,1997.7,2014,California
Santa Clara,116465,1964.7,1901.8,2016.4,2016,California
Santa Clarita,176300,3968.4,3872.7,4053.3,2014,California
Santa Clarita,176300,4030.7,3947.2,4106.1,2016,California
Santa Maria,99399,1300.2,1248.6,1351.4,2014,California
Santa Maria,99399,1388.7,1347.1,1429.5,2016,California
Santa Monica,89736,1630.7,1593.8,1660.4,2014,California
Santa Monica,89736,1664.7,1633.0,1690.3,2016,California
Santa Rosa,167815,2961.6,2872.5,3039.4,2014,California
Santa Rosa,167815,3007.9,2923.1,3082.5,2016,California
Simi Valley,124226,2184.7,2131.4,2232.3,2014,California
Simi Valley,124226,2211.5,2162.5,2256.3,2016,California
South Gate,94396,1560.0,1494.3,1627.2,2014,California
South Gate,94396,1703.6,1658.8,1749.5,2016,California
Stockton,291668,5131.0,4964.8,5292.4,2014,California
Stockton,291668,5722.5,5598.6,5840.7,2016,California
Sunnyvale,140055,2375.8,2296.8,2439.5,2014,California
Sunnyvale,140055,2387.6,2312.9,2449.6,2016,California
Temecula,100097,1842.8,1797.4,1883.1,2014,California
Temecula,100097,1865.3999999999999,1824.2,1903.6,2016,California
Thousand Oaks,126676,2374.6,2307.2,2433.5,2014,California
Thousand Oaks,126676,2405.5,2341.9,2459.9,2016,California
Torrance,145438,2445.5,2378.6,2505.1,2014,California
Torrance,145438,2494.1,2435.3,2547.7,2016,California
Tracy,82891,1148.2,1122.0,1172.8,2014,California
Tracy,82891,1188.4,1165.9,1209.4,2016,California
Turlock,68549,1172.8,1133.3,1209.8,2014,California
Turlock,68549,1270.4,1240.1,1298.3,2016,California
Tustin,75465,1435.8,1391.0,1477.3999999999999,2014,California
Tustin,75465,1487.3,1449.1,1522.4,2016,California
Union City,69516,1237.3,1189.7,1281.1,2014,California
Union City,69516,1248.4,1203.4,1289.8,2016,California
Upland,73732,1406.6,1373.4,1437.1,2014,California
Upland,73732,1421.9,1391.4,1450.9,2016,California
Vacaville,92417,1643.6,1598.6,1684.9,2014,California
Vacaville,92417,1671.2,1629.5,1709.6,2016,California
Vallejo,115942,2505.3,2434.1,2575.1,2014,California
Vallejo,115942,2688.7,2627.6,2746.4,2016,California
Victorville,115898,1495.0,1453.2,1534.1,2014,California
Victorville,115898,1577.5,1543.0,1610.0,2016,California
Visalia,124441,1696.3,1647.2,1742.9,2014,California
Visalia,124441,1781.9,1740.8,1819.8,2016,California
Vista,93806,2071.5,2004.8,2132.9,2014,California
Vista,93806,2215.7,2165.2,2262.7,2016,California
West Covina,106098,2560.4,2488.6,2628.1,2014,California
West Covina,106098,2653.2,2593.5,2710.2,2016,California
Westminster,89701,1526.2,1451.6,1599.3999999999999,2014,California
Westminster,89701,1664.1,1599.3,1727.0,2016,California
Whittier,85331,1925.8,1879.3,1969.2,2014,California
Whittier,85331,1988.6,1952.3,2023.1,2016,California
Arvada,106400,2732.6,2644.0,2812.6,2016,Colorado
Arvada,106400,2763.3,2676.9,2841.1,2014,Colorado
Aurora,325019,6788.8,6586.6,6971.8,2014,Colorado
Aurora,325019,6950.2,6765.7,7118.3,2016,Colorado
Boulder,97385,2292.6,2202.0,2366.9,2014,Colorado
Boulder,97385,2301.6,2213.2,2374.0,2016,Colorado
Centennial,100356,2905.6,2807.6,2986.6,2016,Colorado
Centennial,100356,2978.0,2885.8,3053.4,2014,Colorado
Colorado Springs,416386,8235.4,7964.0,8476.1,2014,Colorado
Colorado Springs,416386,8458.3,8213.7,8677.1,2016,Colorado
Denver,600158,11463.6,11086.1,11790.9,2014,Colorado
Denver,600158,12164.9,11867.4,12421.2,2016,Colorado
Fort Collins,143942,3693.0,3539.6,3824.6,2016,Colorado
Fort Collins,143942,3710.3,3559.8,3838.8,2014,Colorado
Greeley,92802,2463.3,2353.2,2565.1,2014,Colorado
Greeley,92802,2513.7,2413.8,2606.9,2016,Colorado
Lakewood,142958,3468.4,3358.4,3566.5,2014,Colorado
Lakewood,142958,3469.3,3364.2,3564.0,2016,Colorado
Longmont,86225,1478.6000000000001,1432.8,1520.6,2016,Colorado
Longmont,86225,1479.7,1431.4,1523.1,2014,Colorado
Loveland,66859,1289.9,1241.5,1334.2,2016,Colorado
Loveland,66859,1331.1,1285.4,1372.0,2014,Colorado
Pueblo,106585,2880.1,2775.7,2980.1,2014,Colorado
Pueblo,106585,3082.6,2996.5,3165.1,2016,Colorado
Thornton,118763,2595.1,2514.4,2667.8,2014,Colorado
Thornton,118763,2683.0,2613.1,2747.9,2016,Colorado
Westminster,106112,2691.9,2608.8,2766.6,2014,Colorado
Westminster,106112,2750.1,2675.5,2817.8,2016,Colorado
Bridgeport,144229,2945.2,2860.0,3026.5,2014,Connecticut
Danbury,80893,1230.3,1196.9,1261.6,2014,Connecticut
Hartford,124775,3141.1,3035.2,3240.7,2014,Connecticut
New Britain,73206,1671.0,1620.5,1719.8,2014,Connecticut
New Haven,129779,2484.6,2407.1,2553.9,2014,Connecticut
Norwalk,85603,1860.0,1812.0,1902.7,2014,Connecticut
Stamford,122643,2103.6,2051.5,2150.0,2014,Connecticut
Waterbury,110366,2213.7,2156.5,2269.2,2014,Connecticut
Washington,601690,14897.1,14419.2,15300.2,2014,District of Columbia
Washington,601690,15532.1,15157.1,15838.8,2016,District of Columbia
Wilmington,70851,1986.9,1927.2,2041.5,2014,Delaware
Wilmington,70851,2008.6,1956.9,2056.9,2016,Delaware
Boca Raton,84392,2238.0,2159.6,2303.4,2014,Florida
Boca Raton,84392,2291.3,2222.8,2348.4,2016,Florida
Boynton Beach,68217,1931.8,1863.8,1993.3,2014,Florida
Boynton Beach,68217,2021.4,1964.5,2072.7,2016,Florida
Cape Coral,154274,2301.0,2219.2,2377.1,2014,Florida
Cape Coral,154274,2373.9,2304.0,2439.8,2016,Florida
Clearwater,107685,2801.3,2684.0,2906.7,2014,Florida
Clearwater,107685,2814.6,2704.9,2915.1,2016,Florida
Coral Springs,121096,2119.0,2061.5,2171.2,2016,Florida
Coral Springs,121096,2149.5,2095.4,2199.1,2014,Florida
Davie,91943,1700.7,1654.3,1743.7,2016,Florida
Davie,91943,1721.9,1676.8,1763.4,2014,Florida
Deerfield Beach,75018,1324.8,1275.1,1370.2,2014,Florida
Deerfield Beach,75018,1368.4,1324.9,1408.4,2016,Florida
Deltona,85152,1323.6,1284.3,1360.5,2014,Florida
Deltona,85152,1351.2,1315.3,1384.5,2016,Florida
Fort Lauderdale,165494,3973.0,3831.2,4101.5,2014,Florida
Fort Lauderdale,165494,4080.6,3955.6,4194.1,2016,Florida
Gainesville,124343,2684.3,2538.3,2813.6,2014,Florida
Gainesville,124343,2941.5,2823.3,3045.1,2016,Florida
Hialeah,224664,3146.3,2991.8,3298.9,2014,Florida
Hialeah,224664,3403.7,3287.4,3520.4,2016,Florida
Hollywood,140768,2791.8,2709.1,2869.1,2014,Florida
Hollywood,140768,2836.7,2760.2,2908.5,2016,Florida
Jacksonville,821784,12617.8,12179.5,13026.7,2014,Florida
Jacksonville,821784,13685.3,13359.0,13987.7,2016,Florida
Lakeland,97405,2939.8,2817.6,3054.2,2014,Florida
Lakeland,97405,3239.7,3151.7,3323.1,2016,Florida
Largo,77628,2697.1,2583.4,2803.7,2014,Florida
Largo,77628,2704.3,2597.6,2804.9,2016,Florida
Lauderhill,66887,1182.6,1140.7,1222.1000000000001,2014,Florida
Lauderhill,66887,1232.8,1198.1,1266.1,2016,Florida
Melbourne,75966,1733.5,1669.7,1792.3,2016,Florida
Melbourne,75966,1751.6,1688.4,1809.7,2014,Florida
Miami,399404,7638.5,7319.6,7947.8,2014,Florida
Miami,399404,8292.7,8054.8,8522.8,2016,Florida
Miami Beach,87779,2336.5,2253.5,2413.5,2014,Florida
Miami Beach,87779,2398.1,2328.0,2464.5,2016,Florida
Miami Gardens,107166,1806.1,1740.1,1868.1,2014,Florida
Miami Gardens,107166,1901.6,1849.2,1950.8,2016,Florida
Miramar,122041,1326.5,1297.8,1353.9,2016,Florida
Miramar,122041,1332.7,1301.9,1362.1,2014,Florida
Orlando,238266,6102.2,5892.3,6296.4,2014,Florida
Orlando,238266,6538.7,6378.0,6686.3,2016,Florida
Palm Bay,103190,1261.6,1222.1,1299.7,2016,Florida
Palm Bay,103190,1268.1,1226.2,1307.4,2014,Florida
Palm Coast,75178,1174.4,1124.9,1218.5,2014,Florida
Palm Coast,75178,1180.0,1136.3,1221.4,2016,Florida
Pembroke Pines,154738,2379.4,2324.4,2431.2,2016,Florida
Pembroke Pines,154738,2427.1,2373.9,2477.2,2014,Florida
Plantation,84955,1637.7,1596.7,1676.0,2016,Florida
Plantation,84955,1659.9,1618.6,1697.1,2014,Florida
Pompano Beach,99845,2034.7,1961.1,2100.8,2014,Florida
Pompano Beach,99845,2099.4,2034.2,2159.7,2016,Florida
Port St. Lucie,164575,1648.7,1592.7,1700.9,2014,Florida
Port St. Lucie,164575,1751.0,1706.6000000000001,1792.7,2016,Florida
St. Petersburg,244712,5428.5,5232.0,5607.0,2014,Florida
St. Petersburg,244712,5463.7,5280.1,5632.4,2016,Florida
Sunrise,84439,1711.4,1670.6,1749.9,2016,Florida
Sunrise,84439,1718.5,1676.3,1758.8,2014,Florida
Tallahassee,181339,4355.3,4152.3,4539.6,2014,Florida
Tallahassee,181339,4795.1,4636.9,4929.2,2016,Florida
Tampa,335609,8411.3,8120.5,8676.6,2014,Florida
Tampa,335609,8819.7,8570.0,9044.7,2016,Florida
West Palm Beach,99866,2398.1,2317.5,2470.3,2014,Florida
West Palm Beach,99866,2547.9,2486.6,2602.4,2016,Florida
Albany,77434,1914.1,1827.8999999999999,1994.7,2014,Georgia
Albany,77434,2116.1,2051.8,2174.2,2016,Georgia
Athens,115452,2223.7,2105.8,2329.0,2014,Georgia
Athens,115452,2420.2,2313.4,2508.7,2016,Georgia
Atlanta,419990,10651.8,10282.1,10973.5,2014,Georgia
Atlanta,419990,11000.3,10681.9,11275.9,2016,Georgia
Augusta,195844,3726.2,3604.4,3841.7,2014,Georgia
Augusta,195844,3938.2,3837.3,4032.2,2016,Georgia
Columbus,189885,4187.7,4047.1,4317.5,2014,Georgia
Columbus,189885,4430.7,4313.9,4539.7,2016,Georgia
Johns Creek,76728,1162.6,1131.1,1188.7,2016,Georgia
Johns Creek,76728,1213.4,1186.6,1235.1,2014,Georgia
Macon,91342,2627.1,2516.7,2731.7,2014,Georgia
Macon,91342,2934.7,2852.3,3011.8,2016,Georgia
Roswell,88346,1519.1,1475.8,1556.0,2016,Georgia
Roswell,88346,1560.2,1519.7,1592.3,2014,Georgia
Sandy Springs,93837,2038.4,1984.8,2081.4,2016,Georgia
Sandy Springs,93837,2081.6,2033.7,2120.0,2014,Georgia
Savannah,136202,3850.7,3701.2999999999997,3987.7,2014,Georgia
Savannah,136202,4102.7,3981.0,4212.4,2016,Georgia
Warner Robins,66588,1540.1,1500.3,1579.3,2014,Georgia
Warner Robins,66588,1582.9,1545.8,1618.5,2016,Georgia
Honolulu,953161,17599.5,16982.5,18181.3,2014,Hawaii
Honolulu,953161,19126.6,18625.7,19595.3,2016,Hawaii
Cedar Rapids,126318,3021.2,2929.7,3103.9,2014,Iowa
Cedar Rapids,126318,3086.8,3003.6,3161.5,2016,Iowa
Davenport,99650,2492.6,2410.1,2566.4,2014,Iowa
Davenport,99650,2584.5,2513.4,2650.7,2016,Iowa
Des Moines,203419,4699.4,4556.1,4827.5,2014,Iowa
Des Moines,203419,4954.8,4839.4,5060.3,2016,Iowa
Iowa City,67862,1346.9,1283.0,1404.4,2014,Iowa
Iowa City,67862,1400.2,1340.1,1452.4,2016,Iowa
Sioux City,82678,1717.5,1659.2,1773.6,2014,Iowa
Sioux City,82678,1787.6,1734.3,1837.8,2016,Iowa
Waterloo,68374,2111.3,2044.3,2175.3,2014,Iowa
Waterloo,68374,2159.2,2095.5,2219.7,2016,Iowa
Boise City,205671,3498.9,3350.2,3631.3,2014,Idaho
Boise City,205671,3626.3,3494.4,3745.1,2016,Idaho
Meridian,75092,639.2,614.1,662.1,2014,Idaho
Meridian,75092,648.7,624.9,669.8,2016,Idaho
Nampa,81548,954.4,903.6,1003.2,2014,Idaho
Nampa,81548,1078.1,1038.1,1116.8,2016,Idaho
Arlington Heights,75076,1821.1000000000001,1759.8,1873.4,2014,Illinois
Arlington Heights,75076,1880.5,1829.1,1925.5,2016,Illinois
Aurora,197848,3322.8,3222.8,3414.5,2014,Illinois
Aurora,197848,3471.9,3386.7,3549.8,2016,Illinois
Bloomington,76610,1931.6,1858.0,1997.2,2014,Illinois
Bloomington,76610,2020.7,1956.1,2079.2,2016,Illinois
Bolingbrook,73366,1381.2,1346.5,1413.3,2014,Illinois
Bolingbrook,73366,1421.5,1389.2,1451.0,2016,Illinois
Champaign,81009,1485.5,1407.6,1558.5,2014,Illinois
Champaign,81009,1603.9,1534.6,1666.0,2016,Illinois
Chicago,2695572,61712.0,59255.0,63929.7,2014,Illinois
Chicago,2695572,68341.0,66691.4,69806.7,2016,Illinois
Cicero,83891,1206.2,1153.7,1258.6,2014,Illinois
Cicero,83891,1351.8,1316.4,1386.0,2016,Illinois
Decatur,76122,2223.4,2135.7,2307.0,2014,Illinois
Decatur,76122,2399.8,2324.2000000000003,2468.4,2016,Illinois
Elgin,108133,2013.2,1952.3,2070.0,2014,Illinois
Elgin,108133,2103.6,2053.5,2151.3,2016,Illinois
Evanston,74486,1479.2,1430.7,1518.0,2014,Illinois
Evanston,74486,1549.0,1510.1,1581.6,2016,Illinois
Joliet,147430,3580.0,3470.3,3683.7,2014,Illinois
Joliet,147430,3756.9,3661.7999999999997,3846.4,2016,Illinois
Naperville,141838,3062.4,2976.1,3130.2,2014,Illinois
Naperville,141838,3065.9,2980.1,3136.3,2016,Illinois
Palatine,68557,1235.2,1194.8,1269.0,2014,Illinois
Palatine,68557,1281.9,1249.7,1309.8,2016,Illinois
Peoria,114996,2769.9,2669.3,2863.6,2014,Illinois
Peoria,114996,2995.9,2912.0,3073.8,2016,Illinois
Rockford,152846,4054.4,3912.7,4186.6,2014,Illinois
Rockford,152846,4365.7,4249.3,4474.9,2016,Illinois
Schaumburg,74202,2026.3999999999999,1961.0,2084.7,2014,Illinois
Schaumburg,74202,2100.7,2043.6,2150.2,2016,Illinois
Springfield,116206,3371.1,3241.2,3489.0,2014,Illinois
Springfield,116206,3617.7,3510.3,3714.0,2016,Illinois
Waukegan,89052,1939.1,1876.2,1998.7,2014,Illinois
Waukegan,89052,2069.8,2019.3,2117.5,2016,Illinois
Bloomington,80372,1383.2,1292.3,1465.9,2014,Indiana
Bloomington,80372,1546.0,1464.1,1616.0,2016,Indiana
Carmel,79191,1246.3,1202.2,1280.7,2016,Indiana
Carmel,79191,1289.6,1251.3,1319.1,2014,Indiana
Evansville,117408,3125.5,2994.3,3248.9,2014,Indiana
Evansville,117408,3288.7,3173.6,3398.6,2016,Indiana
Fishers,76794,754.7,731.2,774.6,2016,Indiana
Fishers,76794,783.6,763.3,799.8,2014,Indiana
Fort Wayne,253647,5749.1,5502.3,5981.3,2014,Indiana
Fort Wayne,253647,6221.7,6013.5,6417.0,2016,Indiana
Gary,80294,2142.8,2020.5,2261.6,2014,Indiana
Gary,80294,2590.8,2515.8,2660.6,2016,Indiana
Hammond,80830,1358.7,1306.0,1411.0,2014,Indiana
Hammond,80830,1549.0,1510.4,1586.3,2016,Indiana
Indianapolis,820445,16117.5,15486.5,16706.4,2014,Indiana
Indianapolis,820445,16673.2,16113.7,17200.2,2016,Indiana
Lafayette,67135,1381.3,1314.9,1444.3,2014,Indiana
Lafayette,67135,1482.7,1425.4,1536.7,2016,Indiana
Muncie,70041,1639.8,1532.4,1743.4,2014,Indiana
Muncie,70041,1849.9,1756.8,1936.4,2016,Indiana
South Bend,101167,3223.1,3090.4,3346.5,2014,Indiana
South Bend,101167,3477.9,3365.6,3584.7,2016,Indiana
Kansas City,145770,4447.2,4278.0,4612.3,2014,Kansas
Kansas City,145770,4718.5,4577.9,4853.9,2016,Kansas
Lawrence,87643,1396.7,1335.5,1451.5,2014,Kansas
Lawrence,87643,1464.7,1407.7,1513.8,2016,Kansas
Olathe,125872,2367.7,2300.5,2426.1,2014,Kansas
Olathe,125872,2404.2,2341.9,2459.0,2016,Kansas
Overland Park,173341,4130.7,4019.8,4219.3,2014,Kansas
Overland Park,173341,4150.1,4046.3,4235.6,2016,Kansas
Topeka,127456,2962.5,2869.2,3049.4,2014,Kansas
Topeka,127456,3141.4,3062.4,3215.2,2016,Kansas
Wichita,382253,8378.1,8118.1,8618.0,2014,Kansas
Wichita,382253,8688.9,8459.9,8899.3,2016,Kansas
Lexington,295803,6526.7,6272.1,6751.7,2014,Kentucky
Lexington,295803,6970.0,6757.6,7153.7,2016,Kentucky
Louisville,597292,14360.7,13873.5,14803.3,2014,Kentucky
Louisville,597292,15540.9,15190.1,15855.4,2016,Kentucky
Baton Rouge,229422,5150.5,4961.0,5324.1,2014,Louisiana
Baton Rouge,229422,5444.7,5290.5,5584.3,2016,Louisiana
Kenner,66702,1492.1,1452.9,1528.2,2014,Louisiana
Kenner,66702,1498.4,1460.0,1534.1,2016,Louisiana
Lafayette,120623,2689.9,2583.3,2787.6,2014,Louisiana
Lafayette,120623,2815.5,2722.4,2901.1,2016,Louisiana
Lake Charles,71993,1740.2,1674.5,1801.3,2014,Louisiana
Lake Charles,71993,1836.3,1781.2,1887.8,2016,Louisiana
New Orleans,343815,13969.2,13477.1,14415.5,2014,Louisiana
New Orleans,343815,14750.5,14352.9,15103.7,2016,Louisiana
Shreveport,199291,4757.3,4587.4,4911.8,2014,Louisiana
Shreveport,199291,5063.8,4930.3,5185.5,2016,Louisiana
Boston,617554,14226.4,13787.2,14597.8,2014,Massachusetts
Boston,617554,14734.7,14337.9,15062.9,2016,Massachusetts
Brockton,93810,1736.3,1697.4,1772.6,2014,Massachusetts
Brockton,93810,1783.7,1750.3,1815.6,2016,Massachusetts
Cambridge,105162,2698.5,2627.3,2754.4,2016,Massachusetts
Cambridge,105162,2713.5,2642.3,2769.1,2014,Massachusetts
Fall River,88857,2039.0,1975.2,2101.5,2014,Massachusetts
Fall River,88857,2064.4,2004.8,2122.9,2016,Massachusetts
Lawrence,76377,1481.1,1438.1,1523.5,2014,Massachusetts
Lawrence,76377,1501.4,1462.3,1539.3,2016,Massachusetts
Lowell,106519,1918.0,1855.4,1978.5,2014,Massachusetts
Lowell,106519,1979.0,1923.6,2034.4,2016,Massachusetts
Lynn,90329,1821.1,1781.8,1858.8,2016,Massachusetts
Lynn,90329,1840.1,1802.3,1876.0,2014,Massachusetts
New Bedford,95072,2520.9,2447.0,2591.8,2014,Massachusetts
New Bedford,95072,2567.0,2499.5,2632.0,2016,Massachusetts
Newton,85146,1526.2,1488.5,1556.6,2016,Massachusetts
Newton,85146,1568.7,1535.0,1594.9,2014,Massachusetts
Quincy,92271,1619.0,1568.2,1666.0,2016,Massachusetts
Quincy,92271,1652.0,1604.1,1694.6,2014,Massachusetts
Somerville,75754,1515.4,1466.7,1552.6,2016,Massachusetts
Somerville,75754,1524.8,1476.4,1561.9,2014,Massachusetts
Springfield,153060,2976.6,2895.7,3055.2,2014,Massachusetts
Springfield,153060,3118.5,3052.1,3182.0,2016,Massachusetts
Worcester,181045,3601.4,3505.5,3691.3,2014,Massachusetts
Worcester,181045,3691.7,3600.2,3776.4,2016,Massachusetts
Baltimore,620939,16604.4,16098.3,17058.3,2014,Maryland
Portland,66194,1618.4,1553.3,1673.7,2014,Maine
Portland,66194,1659.1,1602.5,1708.0,2016,Maine
Ann Arbor,113921,2657.2,2555.4,2741.3,2014,Michigan
Ann Arbor,113921,2762.5,2671.0,2837.2,2016,Michigan
Dearborn,98153,1861.5,1781.2,1938.7,2014,Michigan
Dearborn,98153,1995.3999999999999,1930.9,2055.4,2016,Michigan
Detroit,713717,22089.3,21125.2,22993.9,2014,Michigan
Detroit,713717,24953.6,24355.2,25516.9,2016,Michigan
Farmington Hills,79737,1866.2,1816.8,1908.4,2014,Michigan
Farmington Hills,79737,1903.5,1861.5,1940.1,2016,Michigan
Flint,102395,2967.0,2851.4,3073.8,2014,Michigan
Flint,102395,3284.6,3205.7,3358.3,2016,Michigan
Grand Rapids,188040,4133.2,3970.0,4276.0,2014,Michigan
Grand Rapids,188040,4420.0,4289.8,4532.3,2016,Michigan
Kalamazoo,74257,1620.2,1549.1,1682.6,2014,Michigan
Kalamazoo,74257,1782.0,1728.8,1827.8,2016,Michigan
Lansing,114209,3178.7,3071.8,3273.6,2014,Michigan
Lansing,114209,3392.4,3309.0,3466.9,2016,Michigan
Livonia,96942,2613.0,2529.7,2686.6,2016,Michigan
Livonia,96942,2627.8,2542.7,2702.0,2014,Michigan
Rochester Hills,70995,1675.9,1623.8999999999999,1720.6,2014,Michigan
Rochester Hills,70995,1711.5,1666.2,1751.7,2016,Michigan
Southfield,71739,1949.3,1897.1,1995.8,2014,Michigan
Southfield,71739,2032.3,1992.2,2068.5,2016,Michigan
Sterling Heights,129686,2061.9,1982.1,2135.4,2014,Michigan
Sterling Heights,129686,2157.6,2092.2,2219.3,2016,Michigan
Troy,80980,1829.9,1771.3999999999999,1878.2,2014,Michigan
Troy,80980,1871.5,1820.3,1914.5,2016,Michigan
Warren,134020,3222.4,3094.4,3342.5,2014,Michigan
Warren,134020,3476.4,3381.7,3566.1,2016,Michigan
Westland,84094,1856.4,1797.2,1912.2,2014,Michigan
Westland,84094,1915.4,1864.4,1963.7,2016,Michigan
Wyoming,72121,1125.0,1090.0,1157.4,2014,Michigan
Wyoming,72121,1176.6,1147.6,1203.8,2016,Michigan
Bloomington,82893,1751.4,1703.2,1793.5,2016,Minnesota
Bloomington,82893,1774.2,1727.1,1815.6,2014,Minnesota
Brooklyn Park,75781,1059.3,1034.7,1081.7,2014,Minnesota
Brooklyn Park,75781,1069.0,1045.9,1090.5,2016,Minnesota
Duluth,86244,2718.3,2597.1,2826.8,2014,Minnesota
Duluth,86244,2941.8,2844.1,3029.0,2016,Minnesota
Minneapolis,382578,9402.3,9108.8,9658.4,2014,Minnesota
Minneapolis,382578,9729.7,9469.4,9952.6,2016,Minnesota
Plymouth,70576,1271.6,1236.0,1301.6,2016,Minnesota
Plymouth,70576,1300.7,1266.4,1328.7,2014,Minnesota
Rochester,106743,2448.3,2375.0,2512.6,2016,Minnesota
Rochester,106743,2458.8,2385.7,2521.8,2014,Minnesota
St. Paul,285068,6474.6,6286.1,6642.4,2014,Minnesota
St. Paul,285068,6597.2,6422.1,6754.4,2016,Minnesota
Columbia,108500,1831.0,1737.1,1915.6,2014,Missouri
Columbia,108500,1914.0,1823.2,1992.7,2016,Missouri
Independence,116811,2142.3,2059.6,2220.2000000000003,2014,Missouri
Independence,116811,2197.2,2121.3,2271.3,2016,Missouri
Kansas City,459538,11912.5,11475.1,12307.8,2014,Missouri
Kansas City,459538,12538.3,12157.3,12880.8,2016,Missouri
Lee's Summit,91351,1707.2,1644.0,1764.0,2016,Missouri
Lee's Summit,91351,1746.0,1686.3,1799.2,2014,Missouri
O'Fallon,79320,1660.6,1604.8999999999999,1709.4,2014,Missouri
O'Fallon,79320,1695.8,1646.3999999999999,1740.6,2016,Missouri
Springfield,159445,3691.8,3502.1,3864.1,2014,Missouri
Springfield,159445,4003.5,3838.3,4154.0,2016,Missouri
St. Joseph,76780,1830.6,1754.6,1903.3,2014,Missouri
St. Joseph,76780,1940.7,1874.9,2004.1,2016,Missouri
St. Louis,319294,8085.7,7745.1,8397.8,2014,Missouri
St. Louis,319294,9007.7,8766.4,9221.2,2016,Missouri
Gulfport,67708,1628.9,1569.1,1685.4,2014,Mississippi
Gulfport,67708,1767.9,1722.0,1811.4,2016,Mississippi
Jackson,173513,4232.6,4051.6,4393.7,2014,Mississippi
Jackson,173513,4648.3,4526.0,4756.6,2016,Mississippi
Billings,104167,2132.6,2047.7,2211.5,2014,Montana
Billings,104167,2238.8,2164.1,2306.7,2016,Montana
Missoula,66788,1244.5,1183.9,1297.5,2014,Montana
Missoula,66788,1311.4,1258.5,1358.3,2016,Montana
Asheville,83319,2414.2,2332.6,2484.8,2014,North Carolina
Asheville,83319,2514.8,2447.3,2573.0,2016,North Carolina
Cary,135228,3371.1,3284.6,3440.4,2016,North Carolina
Cary,135228,3400.4,3316.1,3466.7,2014,North Carolina
Charlotte,731405,16581.8,16139.5,16972.3,2014,North Carolina
Charlotte,731405,17215.8,16846.0,17538.9,2016,North Carolina
Concord,79057,1815.6,1763.3,1863.9,2014,North Carolina
Concord,79057,1890.1,1845.0,1931.0,2016,North Carolina
Durham,228295,4804.9,4667.6,4925.3,2014,North Carolina
Durham,228295,4878.6,4750.4,4992.7,2016,North Carolina
Fayetteville,200501,4037.0,3931.0,4135.4,2014,North Carolina
Fayetteville,200501,4263.4,4179.4,4341.0,2016,North Carolina
Gastonia,71687,2331.8,2255.4,2403.4,2014,North Carolina
Gastonia,71687,2469.2,2408.4,2527.2,2016,North Carolina
Greensboro,269636,6419.5,6217.8,6599.7,2014,North Carolina
Greensboro,269636,6776.0,6611.8,6920.7,2016,North Carolina
Greenville,84552,1837.7,1754.5,1909.6,2014,North Carolina
Greenville,84552,1930.0,1859.8,1992.2,2016,North Carolina
High Point,104352,2631.3,2552.9,2701.9,2014,North Carolina
High Point,104352,2800.9,2735.7,2859.1,2016,North Carolina
Jacksonville,70123,1289.5,1243.4,1331.1,2014,North Carolina
Jacksonville,70123,1310.8,1265.2,1353.4,2016,North Carolina
Raleigh,403801,7813.9,7601.2,7988.6,2014,North Carolina
Raleigh,403801,7969.1,7777.5,8129.2,2016,North Carolina
Wilmington,106416,2366.9,2278.5,2441.0,2014,North Carolina
Wilmington,106416,2466.1,2390.1,2532.7,2016,North Carolina
Winston-Salem,229509,5411.7,5229.0,5578.3,2014,North Carolina
Winston-Salem,229509,5948.8,5822.3,6061.3,2016,North Carolina
Fargo,105549,1990.9,1905.1,2067.7,2014,North Dakota
Fargo,105549,2032.6,1949.6,2106.5,2016,North Dakota
Lincoln,258377,5393.4,5151.6,5611.1,2014,Nebraska
Lincoln,258377,5875.0,5678.6,6050.1,2016,Nebraska
Omaha,408947,11460.4,11082.1,11807.1,2016,Nebraska
Omaha,408947,11492.2,11108.8,11836.5,2014,Nebraska
Manchester,109565,2337.7,2255.1,2413.7,2014,New Hampshire
Nashua,86494,1484.7,1435.0,1529.9,2014,New Hampshire
Camden,77344,1394.2,1342.9,1445.8,2014,New Jersey
Camden,77344,1598.8,1565.3,1631.6,2016,New Jersey
Clifton,84136,1308.0,1274.0,1340.2,2014,New Jersey
Clifton,84136,1320.4,1287.0,1350.8,2016,New Jersey
Elizabeth,124969,2039.1,1981.9,2094.8,2014,New Jersey
Elizabeth,124969,2150.2,2102.3,2195.9,2016,New Jersey
Jersey City,247597,5023.8,4850.2,5176.4,2014,New Jersey
Jersey City,247597,5301.3,5150.9,5436.9,2016,New Jersey
Newark,277140,6384.5,6126.2,6634.3,2014,New Jersey
Newark,277140,7463.3,7308.4,7612.1,2016,New Jersey
Passaic,69781,1037.1,993.9,1079.6,2014,New Jersey
Passaic,69781,1149.9,1117.2,1181.2,2016,New Jersey
Paterson,146199,2470.9,2388.1,2552.5,2014,New Jersey
Paterson,146199,2738.6,2678.3,2797.1,2016,New Jersey
Trenton,84913,1898.0,1832.5,1960.6,2014,New Jersey
Trenton,84913,2124.4,2078.8,2167.6,2016,New Jersey
Union City,66455,1350.6000000000001,1286.1,1414.6,2014,New Jersey
Union City,66455,1462.8,1411.8,1512.6,2016,New Jersey
Albuquerque,545801,10880.1,10535.8,11197.8,2014,New Mexico
Albuquerque,545801,11436.9,11147.3,11703.1,2016,New Mexico
Las Cruces,97601,1947.5,1871.7,2016.3,2014,New Mexico
Las Cruces,97601,2105.6,2047.5,2158.7,2016,New Mexico
Rio Rancho,87511,1289.4,1252.4,1323.6,2014,New Mexico
Rio Rancho,87511,1331.6,1298.2,1362.5,2016,New Mexico
Santa Fe,67849,2280.3,2198.8,2350.1,2014,New Mexico
Santa Fe,67849,2305.0,2228.3,2371.7,2016,New Mexico
Henderson,257683,5272.2,5109.2,5423.3,2016,Nevada
Henderson,257683,5292.3,5124.5,5444.1,2014,Nevada
Las Vegas,583710,11768.4,11377.4,12132.0,2014,Nevada
Las Vegas,583710,12200.8,11859.2,12523.0,2016,Nevada
North Las Vegas,216961,3781.7999999999997,3662.2,3896.8,2014,Nevada
North Las Vegas,216961,3972.6,3873.9,4068.7,2016,Nevada
Reno,225188,5082.0,4890.6,5255.6,2014,Nevada
Reno,225188,5460.0,5303.8,5602.9,2016,Nevada
Sparks,90230,1768.9,1707.2,1826.2,2014,Nevada
Sparks,90230,1867.7,1816.3,1916.1,2016,Nevada
Albany,97856,2040.9,1969.4,2104.1,2014,New York
Albany,97856,2193.9,2139.7,2243.3,2016,New York
Buffalo,261310,6157.5,5935.0,6363.5,2014,New York
Buffalo,261310,6693.6,6533.0,6841.9,2016,New York
Mount Vernon,67292,1638.6,1590.7,1682.2,2014,New York
Mount Vernon,67292,1692.4,1652.3,1729.6,2016,New York
New Rochelle,77062,1239.6,1208.3,1267.8,2014,New York
New Rochelle,77062,1251.9,1223.5,1278.5,2016,New York
New York,8174705,169713.7,164358.7,174665.1,2014,New York
New York,8174705,174845.5,170248.1,179106.8,2016,New York
Rochester,210508,6085.3,5874.3,6280.2,2014,New York
Rochester,210508,6414.2,6240.5,6573.9,2016,New York
Schenectady,66135,1551.1,1500.0,1600.2,2014,New York
Schenectady,66135,1676.0,1636.2,1713.1,2016,New York
Syracuse,145168,4148.2,3971.0,4312.5,2014,New York
Syracuse,145168,4516.7,4383.0,4640.6,2016,New York
Yonkers,195976,4111.2,3994.2,4218.8,2014,New York
Yonkers,195976,4214.4,4112.1,4310.5,2016,New York
Akron,199104,4777.9,4582.3,4963.7,2014,Ohio
Akron,199104,5459.2,5313.9,5593.0,2016,Ohio
Canton,72957,1912.1,1838.8,1981.5,2014,Ohio
Canton,72957,2144.9,2087.0,2199.0,2016,Ohio
Cincinnati,296808,8818.3,8456.9,9149.7,2014,Ohio
Cincinnati,296808,9879.9,9628.1,10104.0,2016,Ohio
Cleveland,396814,12531.7,11945.4,13088.0,2014,Ohio
Cleveland,396814,14444.1,14039.2,14824.7,2016,Ohio
Columbus,786932,18031.8,17391.5,18609.1,2014,Ohio
Columbus,786932,19936.3,19487.8,20328.0,2016,Ohio
Dayton,141359,4191.1,3986.5,4384.7,2014,Ohio
Dayton,141359,4693.5,4542.5,4834.7,2016,Ohio
Parma,81601,1745.4,1681.8,1803.2,2014,Ohio
Parma,81601,1784.5,1727.2,1839.0,2016,Ohio
Toledo,287208,7294.1,6994.1,7580.0,2014,Ohio
Toledo,287208,8315.1,8102.7,8512.8,2016,Ohio
Youngstown,66971,2207.2,2111.3,2299.8,2014,Ohio
Youngstown,66971,2609.8,2546.7,2669.1,2016,Ohio
Broken Arrow,98786,2933.7,2825.1,3033.1,2014,Oklahoma
Broken Arrow,98786,3052.0,2956.0,3139.7,2016,Oklahoma
Edmond,81405,1772.0,1708.0,1827.5,2014,Oklahoma
Edmond,81405,1860.6,1806.1,1907.7,2016,Oklahoma
Lawton,96867,1995.6,1918.7,2069.4,2014,Oklahoma
Lawton,96867,2281.8,2222.5,2338.3,2016,Oklahoma
Norman,110902,2008.9,1904.7,2102.7,2014,Oklahoma
Norman,110902,2286.1,2202.8,2359.3,2016,Oklahoma
Oklahoma City,579960,16326.9,15733.0,16875.1,2014,Oklahoma
Oklahoma City,579960,18034.1,17583.8,18448.7,2016,Oklahoma
Tulsa,391823,9681.9,9303.3,10031.1,2014,Oklahoma
Tulsa,391823,10647.0,10346.4,10919.2,2016,Oklahoma
Beaverton,89735,2041.3,1975.3,2098.1,2014,Oregon
Beaverton,89735,2057.1,1994.5,2112.4,2016,Oregon
Bend,76639,981.7,947.8,1011.8,2014,Oregon
Bend,76639,1015.8,986.6,1042.6,2016,Oregon
Eugene,156177,3334.7,3191.5,3460.6,2014,Oregon
Eugene,156177,3537.8,3414.2,3646.2,2016,Oregon
Gresham,105594,1938.7,1872.6,1999.8,2014,Oregon
Gresham,105594,2016.9,1959.5,2070.4,2016,Oregon
Hillsboro,91539,1706.8,1652.9,1755.5,2014,Oregon
Hillsboro,91539,1719.2,1667.8,1765.1,2016,Oregon
Medford,74887,1511.3,1441.2,1575.6,2014,Oregon
Medford,74887,1606.9,1547.7,1662.6,2016,Oregon
Portland,583665,12338.4,11938.2,12684.9,2014,Oregon
Portland,583665,12646.4,12286.6,12959.4,2016,Oregon
Salem,154610,2774.7,2657.2,2884.8,2014,Oregon
Salem,154610,2991.6,2895.1,3081.1,2016,Oregon
Allentown,118032,1934.4,1862.4,2002.7,2014,Pennsylvania
Allentown,118032,2091.5,2030.5,2148.2,2016,Pennsylvania
Bethlehem,74982,1390.3,1334.0,1441.8,2014,Pennsylvania
Bethlehem,74982,1449.6,1398.1000000000001,1497.4,2016,Pennsylvania
Erie,101786,2175.4,2084.7,2262.5,2014,Pennsylvania
Erie,101786,2388.3,2311.9,2462.0,2016,Pennsylvania
Philadelphia,1525950,29187.4,28141.9,30147.5,2014,Pennsylvania
Philadelphia,1525950,30605.5,29709.3,31432.6,2016,Pennsylvania
Pittsburgh,305596,9732.5,9305.2,10115.6,2014,Pennsylvania
Pittsburgh,305596,10397.3,10037.5,10713.5,2016,Pennsylvania
Reading,88082,1908.3,1834.2,1982.1,2014,Pennsylvania
Reading,88082,2147.2,2089.5,2203.7,2016,Pennsylvania
Scranton,76089,2010.8,1913.2,2101.8,2014,Pennsylvania
Scranton,76089,2178.5,2097.8,2254.1,2016,Pennsylvania
Cranston,80387,1459.3,1422.5,1492.5,2014,Rhode Island
Pawtucket,71148,1734.4,1689.2,1777.2,2014,Rhode Island
Providence,178042,3128.7,3039.7,3209.9,2014,Rhode Island
Warwick,82669,1787.6,1732.3,1836.3,2014,Rhode Island
Charleston,120083,3578.6,3430.7,3701.0,2014,South Carolina
Charleston,120083,3628.1,3490.9,3744.5,2016,South Carolina
Columbia,129198,4935.4,4733.3,5114.7,2014,South Carolina
Columbia,129198,5301.3,5140.7,5438.4,2016,South Carolina
Mount Pleasant,67840,920.5,887.0,948.1,2016,South Carolina
Mount Pleasant,67840,947.4,916.9,971.6,2014,South Carolina
North Charleston,97424,2167.1,2092.3,2237.8,2014,South Carolina
North Charleston,97424,2297.3,2238.7,2354.8,2016,South Carolina
Rock Hill,66154,1716.3,1649.4,1777.3,2014,South Carolina
Rock Hill,66154,1827.2,1771.5,1878.4,2016,South Carolina
Rapid City,67953,1544.3999999999999,1492.3,1591.0,2014,South Dakota
Rapid City,67953,1546.3,1494.8,1593.6,2016,South Dakota
Sioux Falls,153837,3061.1,2960.3,3153.3,2016,South Dakota
Sioux Falls,153837,3116.5,3023.1,3201.2,2014,South Dakota
Chattanooga,167596,4063.4,3929.2,4187.0,2014,Tennessee
Chattanooga,167596,4233.3,4120.1,4336.4,2016,Tennessee
Clarksville,132900,2787.5,2706.0,2862.1,2014,Tennessee
Clarksville,132900,2818.0,2738.4,2891.3,2016,Tennessee
Knoxville,178628,5558.2,5338.5,5749.6,2014,Tennessee
Knoxville,178628,5594.5,5381.1,5780.2,2016,Tennessee
Memphis,646871,14561.7,14086.7,14997.1,2014,Tennessee
Memphis,646871,14911.3,14494.0,15294.3,2016,Tennessee
Murfreesboro,108750,2073.3,2004.3,2134.3,2014,Tennessee
Murfreesboro,108750,2110.9,2045.6000000000001,2169.7,2016,Tennessee
Nashville,601222,12915.8,12520.4,13265.3,2014,Tennessee
Nashville,601222,13184.6,12827.0,13505.4,2016,Tennessee
Abilene,117057,2729.1,2605.2,2845.4,2014,Texas
Abilene,117057,2969.6,2862.7,3068.2,2016,Texas
Allen,84246,896.7,868.1,921.3,2016,Texas
Allen,84246,912.0,886.3,934.0,2014,Texas
Amarillo,190695,4127.2,3963.0,4281.0,2014,Texas
Amarillo,190695,4406.4,4262.6,4540.1,2016,Texas
Arlington,365438,5699.2,5518.9,5862.9,2014,Texas
Arlington,365438,5837.3,5667.2,5995.4,2016,Texas
Austin,790318,16177.7,15693.7,16600.8,2014,Texas
Austin,790318,16507.2,16059.4,16895.4,2016,Texas
Baytown,71778,1356.9,1309.9,1401.9,2014,Texas
Baytown,71778,1455.6000000000001,1417.1,1492.7,2016,Texas
Beaumont,117267,2488.7,2399.1,2572.8,2014,Texas
Beaumont,117267,2705.0,2632.4,2772.0,2016,Texas
Brownsville,175001,3333.8,3127.3,3543.6,2014,Texas
Brownsville,175001,3899.0,3748.1,4044.6,2016,Texas
Bryan,76201,1207.9,1163.1,1250.5,2014,Texas
Bryan,76201,1319.6,1283.5,1352.7,2016,Texas
Carrollton,119091,2567.0,2478.4,2649.6,2014,Texas
Carrollton,119091,2674.3,2593.7,2747.3,2016,Texas
College Station,93857,1873.3,1736.3,1986.2,2014,Texas
College Station,93857,2063.6,1944.9,2159.6,2016,Texas
Corpus Christi,305204,5734.7,5546.0,5916.5,2014,Texas
Corpus Christi,305204,6078.8,5919.1,6229.3,2016,Texas
Dallas,1197625,23091.1,22203.8,23911.3,2014,Texas
Dallas,1197625,24714.2,23966.3,25395.9,2016,Texas
Denton,113360,1983.2,1882.1,2071.1,2014,Texas
Denton,113360,2188.9,2103.5,2263.4,2016,Texas
Edinburg,77100,934.2,882.5,985.1,2014,Texas
Edinburg,77100,1048.2,1009.6,1085.5,2016,Texas
El Paso,649096,9965.8,9531.4,10377.1,2014,Texas
El Paso,649096,10677.2,10325.8,11008.6,2016,Texas
Fort Worth,741094,12260.8,11853.0,12644.2,2014,Texas
Fort Worth,741094,12834.4,12471.1,13176.1,2016,Texas
Frisco,116983,2753.2,2666.1,2825.3,2016,Texas
Frisco,116983,2785.9,2704.7,2851.6,2014,Texas
Garland,226820,3625.3,3499.8,3743.3,2014,Texas
Garland,226820,3792.8,3682.7,3898.5,2016,Texas
Grand Prairie,175338,2940.0,2855.2,3021.7,2014,Texas
Grand Prairie,175338,3047.2,2970.9,3121.0,2016,Texas
Houston,2098706,41668.8,40093.7,43156.8,2014,Texas
Houston,2098706,45066.2,43803.5,46240.2,2016,Texas
Irving,216287,3916.9,3774.8,4048.3,2014,Texas
Irving,216287,4139.9,4017.4,4251.7,2016,Texas
Killeen,127875,2050.4,1995.3,2103.2,2014,Texas
Killeen,127875,2218.8,2170.5,2264.5,2016,Texas
Laredo,236084,4069.1,3824.9,4309.9,2014,Texas
Laredo,236084,4668.6,4490.1,4840.3,2016,Texas
League City,83534,969.7,940.4,997.1,2016,Texas
League City,83534,999.2,972.3,1023.5,2014,Texas
Lewisville,95290,2529.0,2446.0,2604.7,2014,Texas
Lewisville,95290,2641.3,2564.7,2710.2,2016,Texas
Longview,80453,1596.3,1539.6,1648.7,2014,Texas
Longview,80453,1694.0,1645.5,1739.7,2016,Texas
Lubbock,229573,4482.4,4281.9,4668.5,2014,Texas
Lubbock,229573,4755.5,4567.9,4923.0,2016,Texas
McAllen,129852,1840.7,1744.2,1935.5,2014,Texas
McAllen,129852,2033.5,1961.2,2103.7,2016,Texas
McKinney,131085,2052.9,1988.8,2108.0,2016,Texas
McKinney,131085,2071.8,2012.1,2122.9,2014,Texas
Mesquite,139779,2452.5,2371.4,2530.7,2014,Texas
Mesquite,139779,2556.9,2485.1,2625.5,2016,Texas
Midland,111103,1913.2,1850.3,1971.2,2014,Texas
Midland,111103,1949.6,1889.1,2004.8999999999999,2016,Texas
Mission,77050,1091.3,1035.0,1147.0,2014,Texas
Mission,77050,1210.9,1168.3,1251.8,2016,Texas
Missouri City,67358,1464.7,1419.2,1505.1,2014,Texas
Missouri City,67358,1481.8,1438.1,1520.5,2016,Texas
Odessa,99940,1857.4,1790.0,1922.7,2014,Texas
Odessa,99940,1907.8,1845.3,1967.4,2016,Texas
Pasadena,149006,2528.3,2432.3,2620.4,2014,Texas
Pasadena,149006,2736.4,2659.7,2810.6,2016,Texas
Pearland,91252,1221.4,1184.8,1253.8,2014,Texas
Pearland,91252,1222.3,1187.3999999999999,1254.0,2016,Texas
Pharr,70400,630.1,591.3,669.7,2014,Texas
Pharr,70400,724.4,696.6,751.9,2016,Texas
Plano,259841,4677.3,4523.9,4809.1,2016,Texas
Plano,259841,4707.7,4556.8,4834.9,2014,Texas
Richardson,99210,1909.1,1843.5,1965.8,2014,Texas
Richardson,99210,1923.8,1860.3,1980.0,2016,Texas
Round Rock,99868,1966.5,1910.6,2016.2,2014,Texas
Round Rock,99868,2031.0,1979.4,2076.3,2016,Texas
San Angelo,93198,1637.4,1572.2,1698.9,2014,Texas
San Angelo,93198,1755.9,1699.0,1809.1,2016,Texas
San Antonio,1327135,23634.1,22802.1,24424.4,2014,Texas
San Antonio,1327135,25604.0,24931.4,26239.8,2016,Texas
Sugar Land,78775,1428.2,1373.5,1474.9,2016,Texas
Sugar Land,78775,1430.3,1375.6,1476.7,2014,Texas
Tyler,96899,2010.1,1927.4,2087.5,2014,Texas
Tyler,96899,2123.8,2049.6,2193.8,2016,Texas
Waco,124770,2537.9,2425.6,2644.3,2014,Texas
Waco,124770,2807.3,2710.2,2894.9,2016,Texas
Wichita Falls,104553,2324.6,2237.2,2407.5,2014,Texas
Wichita Falls,104553,2494.4,2419.4,2564.3,2016,Texas
Layton,67300,1405.6000000000001,1350.5,1455.1,2014,Utah
Layton,67300,1426.4,1375.6,1473.3,2016,Utah
Ogden,82772,1674.2,1595.9,1749.6,2014,Utah
Ogden,82772,1850.5,1785.9,1912.3,2016,Utah
Orem,88300,1636.8,1551.6,1714.2,2014,Utah
Orem,88300,1751.2,1675.4,1821.5,2016,Utah
Provo,112482,1765.8,1630.2,1897.4,2014,Utah
Provo,112482,2055.7,1932.9,2168.9,2016,Utah
Salt Lake City,186414,4165.2,4011.2,4302.2,2014,Utah
Salt Lake City,186414,4286.5,4142.2,4414.9,2016,Utah
Sandy,87405,1994.5,1921.1,2060.8,2016,Utah
Sandy,87405,2041.2,1968.5,2104.1,2014,Utah
St. George,72884,956.4,910.6999999999999,997.4,2014,Utah
St. George,72884,1022.3000000000001,982.9,1058.5,2016,Utah
West Jordan,103712,1734.6,1676.4,1789.2,2016,Utah
West Jordan,103712,1775.2,1716.7,1827.4,2014,Utah
West Valley City,129478,1944.3,1879.5,2007.2,2014,Utah
West Valley City,129478,1994.3999999999999,1934.9,2052.9,2016,Utah
Alexandria,139966,3300.1,3224.4,3360.6,2016,Virginia
Alexandria,139966,3338.1,3267.1,3395.1,2014,Virginia
Chesapeake,222209,3489.6,3401.2,3569.4,2014,Virginia
Chesapeake,222209,3522.8,3437.9,3600.1,2016,Virginia
Hampton,137436,2723.0,2647.9,2790.5,2014,Virginia
Hampton,137436,2822.4,2758.4,2880.8,2016,Virginia
Lynchburg,75568,1484.2,1424.0,1537.5,2014,Virginia
Lynchburg,75568,1597.0,1546.4,1641.3,2016,Virginia
Newport News,180719,3663.7,3569.2,3749.0,2014,Virginia
Newport News,180719,3740.4,3655.4,3818.5,2016,Virginia
Norfolk,242797,6232.5,6035.4,6411.0,2014,Virginia
Norfolk,242797,6495.8,6326.0,6647.4,2016,Virginia
Portsmouth,95535,2501.3,2413.0,2583.6,2014,Virginia
Portsmouth,95535,2662.7,2593.5,2725.8,2016,Virginia
Richmond,204214,5258.9,5051.3,5438.9,2014,Virginia
Richmond,204214,5528.2,5352.7,5678.2,2016,Virginia
Roanoke,97032,1833.0,1768.7,1892.2,2014,Virginia
Roanoke,97032,1961.8,1912.1000000000001,2007.4,2016,Virginia
Suffolk,84585,2355.1,2291.2,2413.2,2014,Virginia
Suffolk,84585,2379.3,2319.3,2434.2,2016,Virginia
Virginia Beach,437994,8173.5,7948.3,8378.6,2016,Virginia
Virginia Beach,437994,8436.9,8240.7,8612.8,2014,Virginia
Burlington,42417,871.4,820.8,910.8,2014,Vermont
Auburn,70170,1461.6,1408.1,1510.8,2014,Washington
Bellevue,122345,2271.4,2202.1,2328.4,2014,Washington
Bellingham,80885,1307.3,1246.7,1361.7,2014,Washington
Everett,102996,2045.5,1975.9,2109.0,2014,Washington
Federal Way,89304,1453.6,1409.8,1493.6,2014,Washington
Kennewick,73917,1070.6,1029.2,1109.0,2014,Washington
Kent,92411,1746.1,1692.5,1795.8,2014,Washington
Renton,90886,1889.7,1835.1,1940.3,2014,Washington
Seattle,608660,10773.3,10455.4,11039.5,2014,Washington
Spokane,208899,4467.6,4294.6,4621.7,2014,Washington
Spokane Valley,89755,2007.9,1934.8,2075.3,2014,Washington
Tacoma,198370,3883.3,3756.3,3999.6,2014,Washington
Vancouver,161752,3699.5,3562.5,3826.5,2014,Washington
Yakima,90987,1418.0,1359.3,1476.2,2014,Washington
Appleton,72600,2005.0,1940.3999999999999,2064.8,2014,Wisconsin
Appleton,72600,2015.3,1950.3,2074.3,2016,Wisconsin
Green Bay,104057,2431.0,2349.7,2505.5,2014,Wisconsin
Green Bay,104057,2509.1,2437.4,2578.2,2016,Wisconsin
Kenosha,99198,2206.8,2137.6,2270.3,2014,Wisconsin
Kenosha,99198,2302.1,2242.7,2356.9,2016,Wisconsin
Madison,233193,5348.2,5141.0,5522.0,2014,Wisconsin
Madison,233193,5557.3,5377.0,5708.7,2016,Wisconsin
Milwaukee,594807,17032.3,16453.6,17559.6,2014,Wisconsin
Milwaukee,594807,17977.5,17507.3,18400.3,2016,Wisconsin
Racine,78843,1758.5,1705.9,1807.9,2014,Wisconsin
Racine,78843,1821.5,1775.7,1865.0,2016,Wisconsin
Waukesha,70717,1661.8,1608.1,1711.7,2016,Wisconsin
Waukesha,70717,1675.5,1622.8,1722.0,2014,Wisconsin
Charleston,51351,1769.3,1706.5,1826.4,2014,West Virginia
Charleston,51351,1890.4,1842.0,1935.0,2016,West Virginia
Cheyenne,59466,1240.8,1193.6,1285.2,2014,Wyoming
Cheyenne,59466,1271.3,1226.3,1312.8,2016,Wyoming
